entry_id,merchant_order_id,account_code,entry_type,debit,credit,currency,posted_at,reference,description
LED-RICH-0001-CR,MORD-RICH-0001,SALES,credit,0.00,4028.00,INR,2026-09-04T09:00:00+00:00,MORD-RICH-0001,Sales revenue
LED-RICH-0001-DR,MORD-RICH-0001,RECEIVABLE,debit,4028.00,0.00,INR,2026-09-04T09:00:00+00:00,MORD-RICH-0001,Customer receivable
LED-RICH-0002-CR,MORD-RICH-0002,SALES,credit,0.00,10593.00,INR,2026-09-04T09:05:00+00:00,MORD-RICH-0002,Sales revenue
LED-RICH-0002-DR,MORD-RICH-0002,RECEIVABLE,debit,10593.00,0.00,INR,2026-09-04T09:05:00+00:00,MORD-RICH-0002,Customer receivable
LED-RICH-0003-CR,MORD-RICH-0003,SALES,credit,0.00,16591.00,INR,2026-09-04T09:10:00+00:00,MORD-RICH-0003,Sales revenue
LED-RICH-0003-DR,MORD-RICH-0003,RECEIVABLE,debit,16591.00,0.00,INR,2026-09-04T09:10:00+00:00,MORD-RICH-0003,Customer receivable
LED-RICH-0004-CR,MORD-RICH-0004,SALES,credit,0.00,16896.00,INR,2026-09-04T09:15:00+00:00,MORD-RICH-0004,Sales revenue
LED-RICH-0004-DR,MORD-RICH-0004,RECEIVABLE,debit,16896.00,0.00,INR,2026-09-04T09:15:00+00:00,MORD-RICH-0004,Customer receivable
LED-RICH-0005-CR,MORD-RICH-0005,SALES,credit,0.00,21332.00,INR,2026-09-04T09:20:00+00:00,MORD-RICH-0005,Sales revenue
LED-RICH-0005-DR,MORD-RICH-0005,RECEIVABLE,debit,21332.00,0.00,INR,2026-09-04T09:20:00+00:00,MORD-RICH-0005,Customer receivable
LED-RICH-0006-CR,MORD-RICH-0006,SALES,credit,0.00,3488.00,INR,2026-09-04T09:25:00+00:00,MORD-RICH-0006,Sales revenue
LED-RICH-0006-DR,MORD-RICH-0006,RECEIVABLE,debit,3488.00,0.00,INR,2026-09-04T09:25:00+00:00,MORD-RICH-0006,Customer receivable
LED-RICH-0007-CR,MORD-RICH-0007,SALES,credit,0.00,7441.00,INR,2026-09-04T09:30:00+00:00,MORD-RICH-0007,Sales revenue
LED-RICH-0007-DR,MORD-RICH-0007,RECEIVABLE,debit,7441.00,0.00,INR,2026-09-04T09:30:00+00:00,MORD-RICH-0007,Customer receivable
LED-RICH-0008-CR,MORD-RICH-0008,SALES,credit,0.00,19819.00,INR,2026-09-04T09:35:00+00:00,MORD-RICH-0008,Sales revenue
LED-RICH-0008-DR,MORD-RICH-0008,RECEIVABLE,debit,19819.00,0.00,INR,2026-09-04T09:35:00+00:00,MORD-RICH-0008,Customer receivable
LED-RICH-0009-CR,MORD-RICH-0009,SALES,credit,0.00,20489.00,INR,2026-09-04T09:40:00+00:00,MORD-RICH-0009,Sales revenue
LED-RICH-0009-DR,MORD-RICH-0009,RECEIVABLE,debit,20489.00,0.00,INR,2026-09-04T09:40:00+00:00,MORD-RICH-0009,Customer receivable
LED-RICH-0010-CR,MORD-RICH-0010,SALES,credit,0.00,18362.00,INR,2026-09-04T09:45:00+00:00,MORD-RICH-0010,Sales revenue
LED-RICH-0010-DR,MORD-RICH-0010,RECEIVABLE,debit,18362.00,0.00,INR,2026-09-04T09:45:00+00:00,MORD-RICH-0010,Customer receivable
LED-RICH-0011-CR,MORD-RICH-0011,SALES,credit,0.00,13907.00,INR,2026-09-04T09:50:00+00:00,MORD-RICH-0011,Sales revenue
LED-RICH-0011-DR,MORD-RICH-0011,RECEIVABLE,debit,13907.00,0.00,INR,2026-09-04T09:50:00+00:00,MORD-RICH-0011,Customer receivable
LED-RICH-0012-CR,MORD-RICH-0012,SALES,credit,0.00,18886.00,INR,2026-09-04T09:55:00+00:00,MORD-RICH-0012,Sales revenue
LED-RICH-0012-DR,MORD-RICH-0012,RECEIVABLE,debit,18886.00,0.00,INR,2026-09-04T09:55:00+00:00,MORD-RICH-0012,Customer receivable
LED-RICH-0013-CR,MORD-RICH-0013,SALES,credit,0.00,18075.00,INR,2026-09-04T10:00:00+00:00,MORD-RICH-0013,Sales revenue
LED-RICH-0013-DR,MORD-RICH-0013,RECEIVABLE,debit,18075.00,0.00,INR,2026-09-04T10:00:00+00:00,MORD-RICH-0013,Customer receivable
LED-RICH-0014-CR,MORD-RICH-0014,SALES,credit,0.00,24063.00,INR,2026-09-04T10:05:00+00:00,MORD-RICH-0014,Sales revenue
LED-RICH-0014-DR,MORD-RICH-0014,RECEIVABLE,debit,24063.00,0.00,INR,2026-09-04T10:05:00+00:00,MORD-RICH-0014,Customer receivable
LED-RICH-0015-CR,MORD-RICH-0015,SALES,credit,0.00,16210.00,INR,2026-09-04T10:10:00+00:00,MORD-RICH-0015,Sales revenue
LED-RICH-0015-DR,MORD-RICH-0015,RECEIVABLE,debit,16210.00,0.00,INR,2026-09-04T10:10:00+00:00,MORD-RICH-0015,Customer receivable
LED-RICH-0016-CR,MORD-RICH-0016,SALES,credit,0.00,24734.00,INR,2026-09-04T10:15:00+00:00,MORD-RICH-0016,Sales revenue
LED-RICH-0016-DR,MORD-RICH-0016,RECEIVABLE,debit,24734.00,0.00,INR,2026-09-04T10:15:00+00:00,MORD-RICH-0016,Customer receivable
LED-RICH-0017-CR,MORD-RICH-0017,SALES,credit,0.00,19344.00,INR,2026-09-04T10:20:00+00:00,MORD-RICH-0017,Sales revenue
LED-RICH-0017-DR,MORD-RICH-0017,RECEIVABLE,debit,19344.00,0.00,INR,2026-09-04T10:20:00+00:00,MORD-RICH-0017,Customer receivable
LED-RICH-0018-CR,MORD-RICH-0018,SALES,credit,0.00,14578.00,INR,2026-09-04T10:25:00+00:00,MORD-RICH-0018,Sales revenue
LED-RICH-0018-DR,MORD-RICH-0018,RECEIVABLE,debit,14578.00,0.00,INR,2026-09-04T10:25:00+00:00,MORD-RICH-0018,Customer receivable
LED-RICH-0019-CR,MORD-RICH-0019,SALES,credit,0.00,7987.00,INR,2026-09-04T10:30:00+00:00,MORD-RICH-0019,Sales revenue
LED-RICH-0019-DR,MORD-RICH-0019,RECEIVABLE,debit,7987.00,0.00,INR,2026-09-04T10:30:00+00:00,MORD-RICH-0019,Customer receivable
LED-RICH-0020-CR,MORD-RICH-0020,SALES,credit,0.00,208.00,INR,2026-09-04T10:35:00+00:00,MORD-RICH-0020,Sales revenue
LED-RICH-0020-DR,MORD-RICH-0020,RECEIVABLE,debit,208.00,0.00,INR,2026-09-04T10:35:00+00:00,MORD-RICH-0020,Customer receivable
LED-RICH-0021-CR,MORD-RICH-0021,SALES,credit,0.00,20251.00,INR,2026-09-04T10:40:00+00:00,MORD-RICH-0021,Sales revenue
LED-RICH-0021-DR,MORD-RICH-0021,RECEIVABLE,debit,20251.00,0.00,INR,2026-09-04T10:40:00+00:00,MORD-RICH-0021,Customer receivable
LED-RICH-0022-CR,MORD-RICH-0022,SALES,credit,0.00,2770.00,INR,2026-09-04T10:45:00+00:00,MORD-RICH-0022,Sales revenue
LED-RICH-0022-DR,MORD-RICH-0022,RECEIVABLE,debit,2770.00,0.00,INR,2026-09-04T10:45:00+00:00,MORD-RICH-0022,Customer receivable
LED-RICH-0023-CR,MORD-RICH-0023,SALES,credit,0.00,3753.00,INR,2026-09-04T10:50:00+00:00,MORD-RICH-0023,Sales revenue
LED-RICH-0023-DR,MORD-RICH-0023,RECEIVABLE,debit,3753.00,0.00,INR,2026-09-04T10:50:00+00:00,MORD-RICH-0023,Customer receivable
LED-RICH-0024-CR,MORD-RICH-0024,SALES,credit,0.00,9537.00,INR,2026-09-04T10:55:00+00:00,MORD-RICH-0024,Sales revenue
LED-RICH-0024-DR,MORD-RICH-0024,RECEIVABLE,debit,9537.00,0.00,INR,2026-09-04T10:55:00+00:00,MORD-RICH-0024,Customer receivable
LED-RICH-0025-CR,MORD-RICH-0025,SALES,credit,0.00,3337.00,INR,2026-09-04T11:00:00+00:00,MORD-RICH-0025,Sales revenue
LED-RICH-0025-DR,MORD-RICH-0025,RECEIVABLE,debit,3337.00,0.00,INR,2026-09-04T11:00:00+00:00,MORD-RICH-0025,Customer receivable
LED-RICH-0026-CR,MORD-RICH-0026,SALES,credit,0.00,14859.00,INR,2026-09-04T11:05:00+00:00,MORD-RICH-0026,Sales revenue
LED-RICH-0026-DR,MORD-RICH-0026,RECEIVABLE,debit,14859.00,0.00,INR,2026-09-04T11:05:00+00:00,MORD-RICH-0026,Customer receivable
LED-RICH-0027-CR,MORD-RICH-0027,SALES,credit,0.00,501.00,INR,2026-09-04T11:10:00+00:00,MORD-RICH-0027,Sales revenue
LED-RICH-0027-DR,MORD-RICH-0027,RECEIVABLE,debit,501.00,0.00,INR,2026-09-04T11:10:00+00:00,MORD-RICH-0027,Customer receivable
LED-RICH-0028-CR,MORD-RICH-0028,SALES,credit,0.00,22576.00,INR,2026-09-04T11:15:00+00:00,MORD-RICH-0028,Sales revenue
LED-RICH-0028-DR,MORD-RICH-0028,RECEIVABLE,debit,22576.00,0.00,INR,2026-09-04T11:15:00+00:00,MORD-RICH-0028,Customer receivable
LED-RICH-0029-CR,MORD-RICH-0029,SALES,credit,0.00,16190.00,INR,2026-09-04T11:20:00+00:00,MORD-RICH-0029,Sales revenue
LED-RICH-0029-DR,MORD-RICH-0029,RECEIVABLE,debit,16190.00,0.00,INR,2026-09-04T11:20:00+00:00,MORD-RICH-0029,Customer receivable
LED-RICH-0030-CR,MORD-RICH-0030,SALES,credit,0.00,22387.00,INR,2026-09-04T11:25:00+00:00,MORD-RICH-0030,Sales revenue
LED-RICH-0030-DR,MORD-RICH-0030,RECEIVABLE,debit,22387.00,0.00,INR,2026-09-04T11:25:00+00:00,MORD-RICH-0030,Customer receivable
LED-RICH-0031-CR,MORD-RICH-0031,SALES,credit,0.00,10421.00,INR,2026-09-04T11:30:00+00:00,MORD-RICH-0031,Sales revenue
LED-RICH-0031-DR,MORD-RICH-0031,RECEIVABLE,debit,10421.00,0.00,INR,2026-09-04T11:30:00+00:00,MORD-RICH-0031,Customer receivable
LED-RICH-0032-CR,MORD-RICH-0032,SALES,credit,0.00,7013.00,INR,2026-09-04T11:35:00+00:00,MORD-RICH-0032,Sales revenue
LED-RICH-0032-DR,MORD-RICH-0032,RECEIVABLE,debit,7013.00,0.00,INR,2026-09-04T11:35:00+00:00,MORD-RICH-0032,Customer receivable
LED-RICH-0033-CR,MORD-RICH-0033,SALES,credit,0.00,13141.00,INR,2026-09-04T11:40:00+00:00,MORD-RICH-0033,Sales revenue
LED-RICH-0033-DR,MORD-RICH-0033,RECEIVABLE,debit,13141.00,0.00,INR,2026-09-04T11:40:00+00:00,MORD-RICH-0033,Customer receivable
LED-RICH-0034-CR,MORD-RICH-0034,SALES,credit,0.00,8366.00,INR,2026-09-04T11:45:00+00:00,MORD-RICH-0034,Sales revenue
LED-RICH-0034-DR,MORD-RICH-0034,RECEIVABLE,debit,8366.00,0.00,INR,2026-09-04T11:45:00+00:00,MORD-RICH-0034,Customer receivable
LED-RICH-0035-CR,MORD-RICH-0035,SALES,credit,0.00,11517.00,INR,2026-09-04T11:50:00+00:00,MORD-RICH-0035,Sales revenue
LED-RICH-0035-DR,MORD-RICH-0035,RECEIVABLE,debit,11517.00,0.00,INR,2026-09-04T11:50:00+00:00,MORD-RICH-0035,Customer receivable
LED-RICH-0036-CR,MORD-RICH-0036,SALES,credit,0.00,11811.00,INR,2026-09-04T11:55:00+00:00,MORD-RICH-0036,Sales revenue
LED-RICH-0036-DR,MORD-RICH-0036,RECEIVABLE,debit,11811.00,0.00,INR,2026-09-04T11:55:00+00:00,MORD-RICH-0036,Customer receivable
LED-RICH-0037-CR,MORD-RICH-0037,SALES,credit,0.00,12457.00,INR,2026-09-04T12:00:00+00:00,MORD-RICH-0037,Sales revenue
LED-RICH-0037-DR,MORD-RICH-0037,RECEIVABLE,debit,12457.00,0.00,INR,2026-09-04T12:00:00+00:00,MORD-RICH-0037,Customer receivable
LED-RICH-0038-CR,MORD-RICH-0038,SALES,credit,0.00,24568.00,INR,2026-09-04T12:05:00+00:00,MORD-RICH-0038,Sales revenue
LED-RICH-0038-DR,MORD-RICH-0038,RECEIVABLE,debit,24568.00,0.00,INR,2026-09-04T12:05:00+00:00,MORD-RICH-0038,Customer receivable
LED-RICH-0039-CR,MORD-RICH-0039,SALES,credit,0.00,16954.00,INR,2026-09-04T12:10:00+00:00,MORD-RICH-0039,Sales revenue
LED-RICH-0039-DR,MORD-RICH-0039,RECEIVABLE,debit,16954.00,0.00,INR,2026-09-04T12:10:00+00:00,MORD-RICH-0039,Customer receivable
LED-RICH-0040-CR,MORD-RICH-0040,SALES,credit,0.00,21021.00,INR,2026-09-04T12:15:00+00:00,MORD-RICH-0040,Sales revenue
LED-RICH-0040-DR,MORD-RICH-0040,RECEIVABLE,debit,21021.00,0.00,INR,2026-09-04T12:15:00+00:00,MORD-RICH-0040,Customer receivable
LED-RICH-0041-CR,MORD-RICH-0041,SALES,credit,0.00,2625.00,INR,2026-09-04T12:20:00+00:00,MORD-RICH-0041,Sales revenue
LED-RICH-0041-DR,MORD-RICH-0041,RECEIVABLE,debit,2625.00,0.00,INR,2026-09-04T12:20:00+00:00,MORD-RICH-0041,Customer receivable
LED-RICH-0042-CR,MORD-RICH-0042,SALES,credit,0.00,23819.00,INR,2026-09-04T12:25:00+00:00,MORD-RICH-0042,Sales revenue
LED-RICH-0042-DR,MORD-RICH-0042,RECEIVABLE,debit,23819.00,0.00,INR,2026-09-04T12:25:00+00:00,MORD-RICH-0042,Customer receivable
LED-RICH-0043-CR,MORD-RICH-0043,SALES,credit,0.00,11279.00,INR,2026-09-04T12:30:00+00:00,MORD-RICH-0043,Sales revenue
LED-RICH-0043-DR,MORD-RICH-0043,RECEIVABLE,debit,11279.00,0.00,INR,2026-09-04T12:30:00+00:00,MORD-RICH-0043,Customer receivable
LED-RICH-0044-CR,MORD-RICH-0044,SALES,credit,0.00,3063.00,INR,2026-09-04T12:35:00+00:00,MORD-RICH-0044,Sales revenue
LED-RICH-0044-DR,MORD-RICH-0044,RECEIVABLE,debit,3063.00,0.00,INR,2026-09-04T12:35:00+00:00,MORD-RICH-0044,Customer receivable
LED-RICH-0045-CR,MORD-RICH-0045,SALES,credit,0.00,18391.00,INR,2026-09-04T12:40:00+00:00,MORD-RICH-0045,Sales revenue
LED-RICH-0045-DR,MORD-RICH-0045,RECEIVABLE,debit,18391.00,0.00,INR,2026-09-04T12:40:00+00:00,MORD-RICH-0045,Customer receivable
LED-RICH-0046-CR,MORD-RICH-0046,SALES,credit,0.00,17756.00,INR,2026-09-04T12:45:00+00:00,MORD-RICH-0046,Sales revenue
LED-RICH-0046-DR,MORD-RICH-0046,RECEIVABLE,debit,17756.00,0.00,INR,2026-09-04T12:45:00+00:00,MORD-RICH-0046,Customer receivable
LED-RICH-0047-CR,MORD-RICH-0047,SALES,credit,0.00,9697.00,INR,2026-09-04T12:50:00+00:00,MORD-RICH-0047,Sales revenue
LED-RICH-0047-DR,MORD-RICH-0047,RECEIVABLE,debit,9697.00,0.00,INR,2026-09-04T12:50:00+00:00,MORD-RICH-0047,Customer receivable
LED-RICH-0048-CR,MORD-RICH-0048,SALES,credit,0.00,9549.00,INR,2026-09-04T12:55:00+00:00,MORD-RICH-0048,Sales revenue
LED-RICH-0048-DR,MORD-RICH-0048,RECEIVABLE,debit,9549.00,0.00,INR,2026-09-04T12:55:00+00:00,MORD-RICH-0048,Customer receivable
LED-RICH-0049-CR,MORD-RICH-0049,SALES,credit,0.00,15114.00,INR,2026-09-04T13:00:00+00:00,MORD-RICH-0049,Sales revenue
LED-RICH-0049-DR,MORD-RICH-0049,RECEIVABLE,debit,15114.00,0.00,INR,2026-09-04T13:00:00+00:00,MORD-RICH-0049,Customer receivable
LED-RICH-0050-CR,MORD-RICH-0050,SALES,credit,0.00,4741.00,INR,2026-09-04T13:05:00+00:00,MORD-RICH-0050,Sales revenue
LED-RICH-0050-DR,MORD-RICH-0050,RECEIVABLE,debit,4741.00,0.00,INR,2026-09-04T13:05:00+00:00,MORD-RICH-0050,Customer receivable
LED-RICH-0051-CR,MORD-RICH-0051,SALES,credit,0.00,21253.00,INR,2026-09-04T13:10:00+00:00,MORD-RICH-0051,Sales revenue
LED-RICH-0051-DR,MORD-RICH-0051,RECEIVABLE,debit,21253.00,0.00,INR,2026-09-04T13:10:00+00:00,MORD-RICH-0051,Customer receivable
LED-RICH-0052-CR,MORD-RICH-0052,SALES,credit,0.00,23192.00,INR,2026-09-04T13:15:00+00:00,MORD-RICH-0052,Sales revenue
LED-RICH-0052-DR,MORD-RICH-0052,RECEIVABLE,debit,23192.00,0.00,INR,2026-09-04T13:15:00+00:00,MORD-RICH-0052,Customer receivable
LED-RICH-0053-CR,MORD-RICH-0053,SALES,credit,0.00,23600.00,INR,2026-09-04T13:20:00+00:00,MORD-RICH-0053,Sales revenue
LED-RICH-0053-DR,MORD-RICH-0053,RECEIVABLE,debit,23600.00,0.00,INR,2026-09-04T13:20:00+00:00,MORD-RICH-0053,Customer receivable
LED-RICH-0054-CR,MORD-RICH-0054,SALES,credit,0.00,19046.00,INR,2026-09-04T13:25:00+00:00,MORD-RICH-0054,Sales revenue
LED-RICH-0054-DR,MORD-RICH-0054,RECEIVABLE,debit,19046.00,0.00,INR,2026-09-04T13:25:00+00:00,MORD-RICH-0054,Customer receivable
LED-RICH-0055-CR,MORD-RICH-0055,SALES,credit,0.00,10250.00,INR,2026-09-04T13:30:00+00:00,MORD-RICH-0055,Sales revenue
LED-RICH-0055-DR,MORD-RICH-0055,RECEIVABLE,debit,10250.00,0.00,INR,2026-09-04T13:30:00+00:00,MORD-RICH-0055,Customer receivable
LED-RICH-0056-CR,MORD-RICH-0056,SALES,credit,0.00,935.00,INR,2026-09-04T13:35:00+00:00,MORD-RICH-0056,Sales revenue
LED-RICH-0056-DR,MORD-RICH-0056,RECEIVABLE,debit,935.00,0.00,INR,2026-09-04T13:35:00+00:00,MORD-RICH-0056,Customer receivable
LED-RICH-0057-CR,MORD-RICH-0057,SALES,credit,0.00,23418.00,INR,2026-09-04T13:40:00+00:00,MORD-RICH-0057,Sales revenue
LED-RICH-0057-DR,MORD-RICH-0057,RECEIVABLE,debit,23418.00,0.00,INR,2026-09-04T13:40:00+00:00,MORD-RICH-0057,Customer receivable
LED-RICH-0058-CR,MORD-RICH-0058,SALES,credit,0.00,12211.00,INR,2026-09-04T13:45:00+00:00,MORD-RICH-0058,Sales revenue
LED-RICH-0058-DR,MORD-RICH-0058,RECEIVABLE,debit,12211.00,0.00,INR,2026-09-04T13:45:00+00:00,MORD-RICH-0058,Customer receivable
LED-RICH-0059-CR,MORD-RICH-0059,SALES,credit,0.00,12037.00,INR,2026-09-04T13:50:00+00:00,MORD-RICH-0059,Sales revenue
LED-RICH-0059-DR,MORD-RICH-0059,RECEIVABLE,debit,12037.00,0.00,INR,2026-09-04T13:50:00+00:00,MORD-RICH-0059,Customer receivable
LED-RICH-0060-CR,MORD-RICH-0060,SALES,credit,0.00,15233.00,INR,2026-09-04T13:55:00+00:00,MORD-RICH-0060,Sales revenue
LED-RICH-0060-DR,MORD-RICH-0060,RECEIVABLE,debit,15233.00,0.00,INR,2026-09-04T13:55:00+00:00,MORD-RICH-0060,Customer receivable
LED-RICH-0011-EXTRA,MORD-RICH-0011,MANUAL_ADJUSTMENT,credit,0.00,100.00,INR,2026-09-04T09:50:00+00:00,MORD-RICH-0011,Manual adjustment
